{
    "loss": 1.0731452703475952,
    "accuracy": 0.9396551847457886
}